﻿<?xml version="1.0" encoding="UTF-8"?>
<addon
  id="screensaver.matrixtrails"
  version="20.1.0"
  name="Matrix trails"
  provider-name="spiff">
  <requires>
<import addon="kodi.binary.global.main" minversion="2.0.0" version="2.0.0"/>
<import addon="kodi.binary.global.gui" minversion="5.15.0" version="5.15.0"/>
<import addon="kodi.binary.global.filesystem" minversion="1.1.7" version="1.1.7"/>
<import addon="kodi.binary.instance.screensaver" minversion="2.2.0" version="2.2.0"/></requires>
  <extension
    point="xbmc.ui.screensaver"
    library_windows="screensaver.matrixtrails.dll"/>
  <extension point="xbmc.addon.metadata">
    <platform>windows-x86_64</platform>
    <license>GPL-2.0-or-later</license>
    <source>https://github.com/xbmc/screensaver.matrixtrails</source>
    <assets>
      <icon>resources/icon.png</icon>
      <fanart>resources/fanart.jpg</fanart>
      <screenshot>resources/screenshot-01.jpg</screenshot>
      <screenshot>resources/screenshot-02.jpg</screenshot>
      <screenshot>resources/screenshot-01.jpg</screenshot>
      <screenshot>resources/screenshot-03.jpg</screenshot>
      <screenshot>resources/screenshot-04.jpg</screenshot>
    </assets>
    <summary lang="da_DK">Matrix-stier pauseskærm</summary>
    <summary lang="de_DE">Matrix Regen Bildschirmschoner</summary>
    <summary lang="en_GB">Matrix trails screensaver</summary>
    <summary lang="zh_CN">黑客帝国轨迹屏幕保护程序</summary>
    <description lang="da_DK">Den &quot;digitale regn&quot;-effekt, som ses på computerskærme i &quot;The Matrix&quot;.[CR][CR]I indstillingerne kan du også definere dine egne farver og størrelser på regn.</description>
    <description lang="de_DE">Der &quot;digitale Regen&quot; Effekt, wie er auf den Computermonitoren in &quot;Matrix&quot; zu sehen ist.[CR][CR]In seinen Einstellungen kannst du auch eigene Farben und Größen des Regens bestimmen.</description>
    <description lang="en_GB">The &quot;digital rain&quot; effect, as seen on the computer monitors in &quot;The Matrix&quot;.[CR][CR]In its settings you can also define your own colors and sizes of rain.</description>
    <description lang="zh_CN">“数字雨”效果，如影片《黑客帝国》中的计算机显示器所示。[CR][CR]在其设置中，您还可以定义自己的雨的颜色和大小。</description>
  </extension>
</addon>
